{
	"embed": {
		"X": [
			[-0.01786852378],
			[-0.0162320585],
			[-0.0174855502],
			[-0.01494485426],
			[-0.01398119115],
			[-0.01488647038],
			[-0.01442947517],
			[-0.01568552573],
			[-0.0166623876],
			[-0.01418594283],
			[-0.01214351622],
			[-0.01889620604],
			[-0.01515237099],
			[-0.0116883087],
			[-0.01652926579],
			[-0.01799826734],
			[-0.01578967308],
			[-0.01566420805],
			[-0.01556335831],
			[-0.01276086139],
			[-0.02611756297],
			[-0.02356228836],
			[-0.02101050699],
			[-0.02603116688],
			[-0.02162110759],
			[-0.02504572384],
			[-0.02234027769],
			[-0.01807315661],
			[-0.0192092029],
			[-0.02169243636],
			[-0.040050011],
			[-0.0386472772],
			[-0.03953574469],
			[-0.04286226346],
			[-0.04223112443],
			[-0.03992594161],
			[-0.03936265089],
			[-0.04633643978],
			[-0.03968019988],
			[-0.04184272475]
		],
		"Y": [
			[-0.00410305916],
			[0.004478982471],
			[0.01273010412],
			[0.0003155178668],
			[0.001728453024],
			[-0.0001291440926],
			[-0.002959018571],
			[-0.003258108451],
			[-0.004819531059],
			[0.003761154825],
			[-0.002243504074],
			[0.004476619545],
			[0.004387498438],
			[0.0009757855621],
			[0.0002752086736],
			[-0.001402414398],
			[0.003617895365],
			[-0.002493182563],
			[-0.001469023869],
			[-0.0002211036501],
			[0.001517699335],
			[0.001889855582],
			[0.00781092051],
			[0.003432268191],
			[0.001242944042],
			[-0.002262958185],
			[-0.006409992725],
			[0.0005963733007],
			[0.00174752069],
			[0.002745345651],
			[-0.001734914074],
			[-0.001999955139],
			[0.003015651884],
			[-0.003314727496],
			[0.002188054044],
			[-0.003963665077],
			[-0.0005015333314],
			[0.0009775572778],
			[-0.003713948992],
			[-0.005171125696]
		],
		"Z": [
			[-0.004889777131],
			[-0.008996178063],
			[0.003207240566],
			[0.001633245293],
			[-0.001487441094],
			[-0.005234535235],
			[-0.002009290487],
			[0.003033131641],
			[0.006273136689],
			[-0.000452965782],
			[0.004901013178],
			[-0.0001139363015],
			[-0.001692407524],
			[0.001613775704],
			[0.002681481414],
			[-0.009210068937],
			[-0.003260073631],
			[0.001225014429],
			[0.003630196485],
			[-0.00038524102],
			[0.006450265079],
			[0.005396360216],
			[-0.003026720001],
			[0.004834757838],
			[0.003861580019],
			[0.00203078028],
			[0.002539721661],
			[-0.004006356663],
			[-0.005580397948],
			[-0.005903712953],
			[0.003135554253],
			[0.007572986448],
			[-0.0006544267581],
			[-0.003344138127],
			[0.0004804404562],
			[-0.000362742964],
			[-0.003365347438],
			[0.002455001853],
			[-0.008313395295],
			[0.0001820308873]
		],
		"C": [
			[1],
			[2],
			[3],
			[4],
			[5],
			[6],
			[7],
			[8],
			[9],
			[10],
			[11],
			[12],
			[13],
			[14],
			[15],
			[16],
			[17],
			[18],
			[19],
			[20],
			[21],
			[22],
			[23],
			[24],
			[25],
			[26],
			[27],
			[28],
			[29],
			[30],
			[31],
			[32],
			[33],
			[34],
			[35],
			[36],
			[37],
			[38],
			[39],
			[40]
		],
		"src": [
			"https://farm8.staticflickr.com/7467/15643312440_c63ca12464_z.jpg",
			"https://farm9.staticflickr.com/8679/15826265801_3f66f2b254_z.jpg",
			"https://farm9.staticflickr.com/8654/15642736398_19d39839dc_z.jpg",
			"https://farm8.staticflickr.com/7580/15829710322_384c952ac2_z.jpg",
			"https://farm8.staticflickr.com/7485/15829710482_366abe2efe_z.jpg",
			"https://farm8.staticflickr.com/7535/15828152645_c2173f3572_z.jpg",
			"https://farm9.staticflickr.com/8129/15826266261_b299e70d84_z.jpg",
			"https://farm6.staticflickr.com/5606/15804505326_62311f7ca2_z.jpg",
			"https://farm8.staticflickr.com/7503/15826266351_539dd763d4_z.jpg",
			"https://farm8.staticflickr.com/7564/15642989737_4267704ede_z.jpg",
			"https://farm8.staticflickr.com/7499/15643314060_50f794ec01_z.jpg",
			"https://farm9.staticflickr.com/8266/15643314080_f1e20f3456_z.jpg",
			"https://farm9.staticflickr.com/8538/15828154115_acddcc3971_z.jpg",
			"https://farm8.staticflickr.com/7498/15642334899_8743510c02_z.jpg",
			"https://farm8.staticflickr.com/7505/15208182624_f1f2deff5a_z.jpg",
			"https://farm9.staticflickr.com/8557/15642334959_33a2ac1b69_z.jpg",
			"https://farm6.staticflickr.com/5616/15642738028_47210dc3f0_z.jpg",
			"https://farm8.staticflickr.com/7569/15208182704_a994855402_z.jpg",
			"https://farm8.staticflickr.com/7553/15642738328_fe2ab190b2_z.jpg",
			"https://farm8.staticflickr.com/7462/15643314470_457bfb5c28_z.jpg",
			"https://farm8.staticflickr.com/7488/15208183894_5f8c4ef26b_z.jpg",
			"https://farm6.staticflickr.com/5610/15208718133_eec4d028d3_z.jpg",
			"https://farm8.staticflickr.com/7580/15826268711_655e3a04c6_z.jpg",
			"https://farm6.staticflickr.com/5608/15828155465_f78434dea8_z.jpg",
			"https://farm6.staticflickr.com/5611/15642739328_4f6c8ea002_z.jpg",
			"https://farm6.staticflickr.com/5616/15643315680_9cfa159ca3_z.jpg",
			"https://farm8.staticflickr.com/7574/15828155575_fc924ed44e_z.jpg",
			"https://farm8.staticflickr.com/7544/15643315740_e1ed288ce1_z.jpg",
			"https://farm8.staticflickr.com/7490/15643315780_dc8777d22a_z.jpg",
			"https://farm9.staticflickr.com/8618/15643315810_979e32817f_z.jpg",
			"https://farm9.staticflickr.com/8666/15826275631_567a8d18a6_z.jpg",
			"https://farm8.staticflickr.com/7538/15804514396_08d3d3d45a_z.jpg",
			"https://farm6.staticflickr.com/5608/15829719312_e7171d8f3d_z.jpg",
			"https://farm8.staticflickr.com/7562/15804514456_6cf3d9396f_z.jpg",
			"https://farm8.staticflickr.com/7502/15828161895_3b98f7bee0_z.jpg",
			"https://farm6.staticflickr.com/5616/15828162025_3743604953_z.jpg",
			"https://farm8.staticflickr.com/7578/15208724783_e9f61aca13_z.jpg",
			"https://farm8.staticflickr.com/7571/15826276221_e0d894749e_z.jpg",
			"https://farm9.staticflickr.com/8589/15642998957_1a4f3f556e_z.jpg",
			"https://farm8.staticflickr.com/7503/15642343269_6b83128955_z.jpg"
		],
		"name": [
			"Al6061_Aged_at_400F_2hrs_RD_OM_20X_010",
			"Al6061_Aged_at_400F_2hrs_RD_OM_20X_009",
			"Al6061_Aged_at_400F_2hrs_RD_OM_20X_008",
			"Al6061_Aged_at_400F_2hrs_RD_OM_20X_007",
			"Al6061_Aged_at_400F_2hrs_RD_OM_20X_006",
			"Al6061_Aged_at_400F_2hrs_RD_OM_20X_005",
			"Al6061_Aged_at_400F_2hrs_RD_OM_20X_004",
			"Al6061_Aged_at_400F_2hrs_RD_OM_20X_003",
			"Al6061_Aged_at_400F_2hrs_RD_OM_20X_002",
			"Al6061_Aged_at_400F_2hrs_RD_OM_20X_001",
			"Al6061_Aged_at_525F_2hrs_RD_OM_20X_009",
			"Al6061_Aged_at_525F_2hrs_RD_OM_20X_008",
			"Al6061_Aged_at_525F_2hrs_RD_OM_20X_007",
			"Al6061_Aged_at_525F_2hrs_RD_OM_20X_006",
			"Al6061_Aged_at_525F_2hrs_RD_OM_20X_005",
			"Al6061_Aged_at_525F_2hrs_RD_OM_20X_004",
			"Al6061_Aged_at_525F_2hrs_RD_OM_20X_003",
			"Al6061_Aged_at_525F_2hrs_RD_OM_20X_002",
			"Al6061_Aged_at_525F_2hrs_RD_OM_20X_001",
			"Al6061_Aged_at_525F_2hrs_RD_OM_20X_010",
			"Al6061_Aged_at_650F_2hrs_RD_OM_20X_010",
			"Al6061_Aged_at_650F_2hrs_RD_OM_20X_009",
			"Al6061_Aged_at_650F_2hrs_RD_OM_20X_008",
			"Al6061_Aged_at_650F_2hrs_RD_OM_20X_007",
			"Al6061_Aged_at_650F_2hrs_RD_OM_20X_006",
			"Al6061_Aged_at_650F_2hrs_RD_OM_20X_005",
			"Al6061_Aged_at_650F_2hrs_RD_OM_20X_004",
			"Al6061_Aged_at_650F_2hrs_RD_OM_20X_003",
			"Al6061_Aged_at_650F_2hrs_RD_OM_20X_002",
			"Al6061_Aged_at_650F_2hrs_RD_OM_20X_001",
			"Al6061_Aged_at_775F_2hrs_RD_OM_20X_010",
			"Al6061_Aged_at_775F_2hrs_RD_OM_20X_009",
			"Al6061_Aged_at_775F_2hrs_RD_OM_20X_008",
			"Al6061_Aged_at_775F_2hrs_RD_OM_20X_007",
			"Al6061_Aged_at_775F_2hrs_RD_OM_20X_006",
			"Al6061_Aged_at_775F_2hrs_RD_OM_20X_005",
			"Al6061_Aged_at_775F_2hrs_RD_OM_20X_004",
			"Al6061_Aged_at_775F_2hrs_RD_OM_20X_003",
			"Al6061_Aged_at_775F_2hrs_RD_OM_20X_002",
			"Al6061_Aged_at_775F_2hrs_RD_OM_20X_001"
		]
	}
}
