{
	"embed": {
		"X": [
			[-0.01112909676],
			[-0.02751725137],
			[-0.03017277116],
			[-0.03011171682],
			[-0.02926797777],
			[-0.03643525246],
			[-0.03101163084],
			[-0.01782964999],
			[-0.01778262972],
			[-0.09085061934],
			[-0.08309718449],
			[-0.07721143375],
			[-0.08032169227],
			[-0.0826667069],
			[-0.09760332611],
			[-0.08919488487],
			[-0.1067081622],
			[-0.08262652023],
			[-0.1415568739],
			[-0.1494908756],
			[-0.1395376707],
			[-0.1530695482],
			[-0.134738793],
			[-0.1530794675],
			[-0.128468009],
			[-0.1489470008],
			[-0.1332723434],
			[-0.04738642329],
			[-0.000813824558],
			[0.002396080022],
			[-0.05681300547],
			[-0.001531538804],
			[-0.01619036012],
			[-0.01471195064],
			[-0.07534351423],
			[-0.05924578823],
			[-0.05800646918],
			[-0.05174312488],
			[-0.06917381638],
			[-0.06278964954],
			[0.101985068],
			[0.09534020938],
			[0.08328509842],
			[0.1062007256],
			[-0.02251035364],
			[-0.01762547762],
			[-0.0139914883],
			[-0.009987589499],
			[-0.01960818773],
			[-0.02769381274],
			[-0.02056089711],
			[-0.02353861755],
			[-0.02974976397],
			[0.09666202788],
			[0.09268732983],
			[0.09030963732],
			[0.1075584433],
			[0.08567151084],
			[0.089893097],
			[0.09666202788],
			[0.09268732983],
			[0.09030963732],
			[0.1075584433],
			[-0.06509733569],
			[-0.06494371942],
			[-0.08067136741],
			[-0.06270090912],
			[-0.03518021386],
			[-0.08299951121],
			[-0.07570163713],
			[-0.1064576224],
			[-0.06322915952],
			[0.1478522015],
			[0.137608266],
			[0.1441146482],
			[0.1392803089],
			[0.140317399],
			[0.1438648323],
			[0.1418454103],
			[0.1286180184],
			[0.1053778438],
			[0.1862431747],
			[0.2037512546],
			[0.1753053654],
			[0.2067630928],
			[0.2016863025],
			[0.1624850837],
			[0.1387402921],
			[0.211734088],
			[0.1815392557],
			[-0.08369772608],
			[-0.06086555387],
			[-0.1021768753],
			[-0.07153702216],
			[-0.05783174237],
			[-0.0609264998],
			[-0.02660313695],
			[-0.02330994171],
			[-0.1096887872]
		],
		"Y": [
			[0.01988035863],
			[0.03033644138],
			[0.06108266523],
			[0.04765611015],
			[0.09967935251],
			[0.1217660682],
			[-0.07367343112],
			[0.05792259853],
			[0.005441967605],
			[0.009013879687],
			[-0.03450565494],
			[-0.2521466016],
			[-0.02045101549],
			[-0.01219902558],
			[-0.04732794222],
			[-0.0790644273],
			[0.002877161747],
			[-0.02945766015],
			[-0.02641413785],
			[-0.0186839929],
			[-0.04407641145],
			[-0.09786403892],
			[-0.03545073574],
			[-0.02736039202],
			[-0.02695370414],
			[0.002824315567],
			[-0.009523855879],
			[0.1215705079],
			[0.06882930826],
			[0.06982633736],
			[0.09235675761],
			[0.07912935785],
			[0.1020154818],
			[0.07499951234],
			[0.1260150892],
			[0.1034553643],
			[0.107013535],
			[0.08214061256],
			[0.06355311253],
			[0.1062793175],
			[0.07473976028],
			[0.06740099639],
			[0.1173575952],
			[0.03835226936],
			[0.1112619457],
			[0.1244588166],
			[0.1210991187],
			[0.1401911221],
			[0.1057963605],
			[0.1129066255],
			[0.09378467661],
			[0.1128548552],
			[0.04766241716],
			[0.03039351812],
			[0.04992617988],
			[0.06690472672],
			[0.03242510441],
			[-0.03140380452],
			[0.06087656645],
			[0.03039351812],
			[0.04992617988],
			[0.06690472672],
			[0.03242510441],
			[-0.0500667321],
			[0.06562774101],
			[0.07366136666],
			[0.05253680232],
			[-0.03595807438],
			[0.05965274799],
			[0.08820971228],
			[0.09472206538],
			[0.06377358861],
			[-0.07039654881],
			[-0.01762204904],
			[-0.07705889961],
			[-0.04172036337],
			[-0.04646820792],
			[-0.05143180888],
			[-0.09607064216],
			[-0.04938964359],
			[-0.03842817402],
			[-0.08250451066],
			[-0.04590671138],
			[-0.05026760891],
			[-0.0270382564],
			[-0.03107382777],
			[-0.05964912812],
			[-0.1527507328],
			[-0.02719166196],
			[-0.04594720479],
			[-0.1971919615],
			[-0.2814500681],
			[-0.4344747059],
			[-0.1353333428],
			[-0.1318078382],
			[-0.24015419],
			[-0.1229473174],
			[-0.2374931317],
			[-0.0975412477]
		],
		"C": [
			[1],
			[1],
			[1],
			[1],
			[1],
			[1],
			[1],
			[1],
			[1],
			[2],
			[2],
			[2],
			[2],
			[2],
			[2],
			[2],
			[2],
			[2],
			[3],
			[3],
			[3],
			[3],
			[3],
			[3],
			[3],
			[3],
			[3],
			[4],
			[4],
			[4],
			[4],
			[4],
			[4],
			[4],
			[4],
			[4],
			[5],
			[5],
			[5],
			[5],
			[6],
			[6],
			[6],
			[6],
			[7],
			[7],
			[7],
			[7],
			[7],
			[7],
			[7],
			[7],
			[7],
			[8],
			[8],
			[8],
			[8],
			[8],
			[8],
			[8],
			[8],
			[8],
			[8],
			[9],
			[9],
			[9],
			[9],
			[9],
			[9],
			[9],
			[9],
			[9],
			[10],
			[10],
			[10],
			[10],
			[10],
			[10],
			[10],
			[10],
			[10],
			[11],
			[11],
			[11],
			[11],
			[11],
			[11],
			[11],
			[11],
			[11],
			[13],
			[12],
			[12],
			[12],
			[12],
			[12],
			[12],
			[12],
			[12]
		],